{
  "balanced_accuracy": 0.3717948717948718,
  "macro_f1": 0.3665493153723443,
  "accuracy": 0.3717948717948718,
  "labels": [
    "walking",
    "jogging",
    "running",
    "boxing",
    "handwaving",
    "handclapping"
  ]
}