{
  "balanced_accuracy": 0.5064102564102564,
  "macro_f1": 0.5124713660713921,
  "accuracy": 0.5064102564102564,
  "labels": [
    "walking",
    "jogging",
    "running",
    "boxing",
    "handwaving",
    "handclapping"
  ]
}