{
  "balanced_accuracy": 0.391025641025641,
  "macro_f1": 0.3848608647350786,
  "accuracy": 0.391025641025641,
  "labels": [
    "walking",
    "jogging",
    "running",
    "boxing",
    "handwaving",
    "handclapping"
  ]
}